Name,Reddit_URL,Wikipedia_URL,Wikipedia_Page,Source,Type_by_ICD-11
r/abuse,Private,https://en.wikipedia.org/wiki/Abuse,Abuse,Sharma and De Choudhury 2018,Mental
r/adultsurvivors,https://www.reddit.com/r/adultsurvivors/,https://en.wikipedia.org/wiki/Sexual_abuse,Sexual abuse,Sharma and De Choudhury 2018,Mental
r/afterthesilence,Studies not allowed. https://www.reddit.com/r/afterthesilence/,https://en.wikipedia.org/wiki/Sexual_assault,Sexual assualt,Sharma and De Choudhury 2018,Mental
r/Anger,https://www.reddit.com/r/Anger/,https://en.wikipedia.org/wiki/Anger,Anger,Sharma and De Choudhury 2018,Mental
r/bullying,Studies allowed with permission. https://www.reddit.com/r/bullying/,https://en.wikipedia.org/wiki/Bullying,432459,Sharma and De Choudhury 2018,Mental
r/CPTSD,https://www.reddit.com/r/CPTSD/,https://en.wikipedia.org/wiki/Complex_post-traumatic_stress_disorder,Complex post-traumatic stress disorder,Sharma and De Choudhury 2018,Mental
r/domesticviolence,https://www.reddit.com/r/domesticviolence/,https://en.wikipedia.org/wiki/Domestic_violence,Domestic violence,Sharma and De Choudhury 2018,Mental
r/emotionalabuse,https://www.reddit.com/r/emotionalabuse/,https://en.wikipedia.org/wiki/Psychological_abuse,Psychological abuse,Sharma and De Choudhury 2018,Mental
r/ptsd,https://www.reddit.com/r/ptsd/,https://en.wikipedia.org/wiki/Post-traumatic_stress_disorder,Post-traumatic stress disorder,Sharma and De Choudhury 2018,Mental
r/PTSDCombat,https://www.reddit.com/r/PTSDCombat/,https://en.wikipedia.org/wiki/Post-traumatic_stress_disorder,Post-traumatic stress disorder,Sharma and De Choudhury 2018,Mental
r/rapecounseling,https://www.reddit.com/r/rapecounseling/,https://en.wikipedia.org/wiki/Rape,Rape,Sharma and De Choudhury 2018,Mental
r/StopSelfHarm,https://www.reddit.com/r/StopSelfHarm/,https://en.wikipedia.org/wiki/Self-harm,Self-harm,Sharma and De Choudhury 2018,Mental
r/survivorsofabuse,Private,https://en.wikipedia.org/wiki/Abuse,Abuse,Sharma and De Choudhury 2018,Mental
r/SurvivorsUnited,https://www.reddit.com/r/SurvivorsUnited/,https://en.wikipedia.org/wiki/Abuse,Abuse,Sharma and De Choudhury 2018,Mental
r/traumatoolbox,https://www.reddit.com/r/traumatoolbox/,https://en.wikipedia.org/wiki/Psychological_trauma,Psychological trauma,Sharma and De Choudhury 2018,Mental
r/Agoraphobia,https://www.reddit.com/r/Agoraphobia/,https://en.wikipedia.org/wiki/Agoraphobia,Agoraphobia,Sharma and De Choudhury 2018,Mental
r/Anxiety,Studies allowed with permission. https://www.reddit.com/r/Anxiety/,https://en.wikipedia.org/wiki/Anxiety,Anxiety,Sharma and De Choudhury 2018,Mental
r/BipolarReddit,Studies not allowed. https://www.reddit.com/r/BipolarReddit/,https://en.wikipedia.org/wiki/Bipolar_disorder,Bipolar disorder,Sharma and De Choudhury 2018,Mental
r/BipolarSOs,https://www.reddit.com/r/BipolarSOs/,https://en.wikipedia.org/wiki/Bipolar_disorder,Bipolar disorder,Sharma and De Choudhury 2018,Mental
r/BPD,Closed to research requests. https://www.reddit.com/r/BPD/,https://en.wikipedia.org/wiki/Borderline_personality_disorder,Borderline personality disorder,Sharma and De Choudhury 2018,Mental
r/dpdr,https://www.reddit.com/r/dpdr/,https://en.wikipedia.org/wiki/Depersonalization-derealization_disorder,Depersonalization-derealization disorder,Sharma and De Choudhury 2018,Mental
r/psychoticreddit,https://www.reddit.com/r/psychoticreddit/,https://en.wikipedia.org/wiki/Psychosis,Psychosis,Sharma and De Choudhury 2018,Mental
r/MaladaptiveDreaming,https://www.reddit.com/r/MaladaptiveDreaming/,https://en.wikipedia.org/wiki/Maladaptive_daydreaming,Maladaptive daydreaming,Sharma and De Choudhury 2018,Mental
r/Psychosis,https://www.reddit.com/r/Psychosis/,https://en.wikipedia.org/wiki/Psychosis,Psychosis,Sharma and De Choudhury 2018,Mental
r/PanicParty,Banned from Reddit. https://www.reddit.com/r/PanicParty/,https://en.wikipedia.org/wiki/Panic_disorder,Panic disorder,Sharma and De Choudhury 2018,Mental
r/schizophrenia,Closed to research requests. https://www.reddit.com/r/schizophrenia/,https://en.wikipedia.org/wiki/Schizophrenia,Schizophrenia,Sharma and De Choudhury 2018,Mental
r/socialanxiety,Closed to research surveys. https://www.reddit.com/r/socialanxiety/,https://en.wikipedia.org/wiki/Social_anxiety_disorder,Social anxiety disorder,Sharma and De Choudhury 2018,Mental
r/calmhands,https://www.reddit.com/r/calmhands/,https://en.wikipedia.org/wiki/Compulsive_behavior,Compulsive behavior,Sharma and De Choudhury 2018,Mental
r/CompulsiveSkinPicking,https://www.reddit.com/r/CompulsiveSkinPicking/,https://en.wikipedia.org/wiki/Excoriation_disorder,Excoriation disorder,Sharma and De Choudhury 2018,Mental
r/OCD,https://www.reddit.com/r/OCD/,https://en.wikipedia.org/wiki/Obsessive%E2%80%93compulsive_disorder,Obsessive–compulsive disorder,Sharma and De Choudhury 2018,Mental
r/Trichsters,https://www.reddit.com/r/Trichsters/,https://en.wikipedia.org/wiki/Trichotillomania,Trichotillomania,Sharma and De Choudhury 2018,Mental
r/7CupsofTea,https://www.reddit.com/r/7CupsofTea/,https://en.wikipedia.org/wiki/Mental_health,Mental health,Sharma and De Choudhury 2018,Mental
r/BackOnYourFeet,Private https://www.reddit.com/r/BackOnYourFeet/,,,Sharma and De Choudhury 2018,Mental
r/Existential_crisis,https://www.reddit.com/r/Existential_crisis/,https://en.wikipedia.org/wiki/Existential_crisis,Existential crisis,Sharma and De Choudhury 2018,Mental
r/getting_over_it,https://www.reddit.com/r/getting_over_it/,https://en.wikipedia.org/wiki/Major_depressive_disorder,Major depressive disorder,Sharma and De Choudhury 2018,Mental
r/GriefSupport,Closed to research requests. https://www.reddit.com/r/GriefSupport/,https://en.wikipedia.org/wiki/Grief,Grief,Sharma and De Choudhury 2018,Mental
r/helpmecope,https://www.reddit.com/r/helpmecope/,https://en.wikipedia.org/wiki/Coping,Coping,Sharma and De Choudhury 2018,Mental
r/hardshipmates,https://www.reddit.com/r/hardshipmates/,https://en.wikipedia.org/wiki/Mental_disorder,Mental disorder,Sharma and De Choudhury 2018,Mental
r/HereToHelp,Banned from Reddit. https://www.reddit.com/r/HereToHelp/,,,Sharma and De Choudhury 2018,Mental
r/itgetsbetter,https://www.reddit.com/r/itgetsbetter/,https://en.wikipedia.org/wiki/Mental_health,Mental health,Sharma and De Choudhury 2018,Mental
r/LostALovedOne,https://www.reddit.com/r/LostALovedOne/,https://en.wikipedia.org/wiki/Mourning,Mourning,Sharma and De Choudhury 2018,Mental
r/offmychest,https://www.reddit.com/r/offmychest/,https://en.wikipedia.org/wiki/Mental_health,Mental health,Sharma and De Choudhury 2018,Mental
r/MMFB,https://www.reddit.com/r/MMFB/,https://en.wikipedia.org/wiki/Grief,Grief,Sharma and De Choudhury 2018,Mental
r/Miscarriage,https://www.reddit.com/r/Miscarriage/,https://en.wikipedia.org/wiki/Miscarriage,Miscarriage,Sharma and De Choudhury 2018,Mental
r/reasonstolive,https://www.reddit.com/r/reasonstolive/,https://en.wikipedia.org/wiki/Mental_health,Mental health,Sharma and De Choudhury 2018,Mental
r/SuicideBereavement,https://www.reddit.com/r/SuicideBereavement/,https://en.wikipedia.org/wiki/Mourning,Mourning,Sharma and De Choudhury 2018,Mental
r/therapy,https://www.reddit.com/r/therapy/,https://en.wikipedia.org/wiki/Mental_health,Mental health,Sharma and De Choudhury 2018,Mental
r/depression,https://www.reddit.com/r/depression/,https://en.wikipedia.org/wiki/Major_depressive_disorder,Major depressive disorder,Sharma and De Choudhury 2018,Mental
r/depressed,https://www.reddit.com/r/depressed/,https://en.wikipedia.org/wiki/Major_depressive_disorder,Major depressive disorder,Sharma and De Choudhury 2018,Mental
r/ForeverAlone,https://www.reddit.com/r/ForeverAlone/,https://en.wikipedia.org/wiki/Loneliness,Loneliness,Sharma and De Choudhury 2018,Mental
r/GFD,https://www.reddit.com/r/GFD/,https://en.wikipedia.org/wiki/Major_depressive_disorder,Major depressive disorder,Sharma and De Choudhury 2018,Mental
r/lonely,https://www.reddit.com/r/lonely/,https://en.wikipedia.org/wiki/Loneliness,Loneliness,Sharma and De Choudhury 2018,Mental
r/mentalhealth,https://www.reddit.com/r/mentalhealth/,https://en.wikipedia.org/wiki/Mental_health,Mental health,Sharma and De Choudhury 2018,Mental
r/Radical_Mental_Health,https://www.reddit.com/r/Radical_Mental_Health/,https://en.wikipedia.org/wiki/Mental_health,Mental health,Sharma and De Choudhury 2018,Mental
r/SuicideWatch,https://www.reddit.com/r/SuicideWatch/,https://en.wikipedia.org/wiki/Suicidal_ideation,Suicide ideation,Sharma and De Choudhury 2018,Mental
r/loseit,https://www.reddit.com/r/loseit/,https://en.wikipedia.org/wiki/Overweight,Overweight,BestofReddit,Physical
r/Coronavirus,https://www.reddit.com/r/Coronavirus/,https://en.wikipedia.org/wiki/COVID-19,COVID-19,BestofReddit,Physical
r/TrueOffMyChest,https://www.reddit.com/r/TrueOffMyChest/,https://en.wikipedia.org/wiki/Mental_health,Mental health,BestofReddit,Mental
https://www.reddit.com/r/OffMyChestPH//OffMyChestPH,https://www.reddit.com/r/OffMyChestPH/,https://en.wikipedia.org/wiki/Mental_health,Mental health,BestofReddit,Mental
r/adhdwomen,https://www.reddit.com/r/adhdwomen/,https://en.wikipedia.org/wiki/Attention_deficit_hyperactivity_disorder,Attention deficit hyperactivity disorder,BestofReddit,Mental
r/ADHD,https://www.reddit.com/r/ADHD/,https://en.wikipedia.org/wiki/Attention_deficit_hyperactivity_disorder,Attention deficit hyperactivity disorder,Snowball,Mental
r/CoronavirusDownunder,https://www.reddit.com/r/CoronavirusDownunder/,https://en.wikipedia.org/wiki/COVID-19,COVID-19,BestofReddit,Physical
r/coronanetherlands,No surveys. https://www.reddit.com/r/coronanetherlands/,https://en.wikipedia.org/wiki/COVID-19,COVID-19,BestofReddit,Physical
r/selfhelp,https://www.reddit.com/r/selfhelp/,https://en.wikipedia.org/wiki/Mental_health,Mental Health,BestofReddit,Mental
r/CanadaCoronavirus,https://www.reddit.com/r/CanadaCoronavirus/,https://en.wikipedia.org/wiki/COVID-19,COVID-19,BestofReddit,Physical
r/CoronavirusIllinois,https://www.reddit.com/r/CoronavirusIllinois/,https://en.wikipedia.org/wiki/COVID-19,COVID-19,BestofReddit,Physical
r/Anxietyhelp,No research requests. https://www.reddit.com/r/Anxietyhelp/,https://en.wikipedia.org/wiki/Anxiety_disorder,Anxiety disorder,BestofReddit,Mental
r/Coronavirus_PH,https://www.reddit.com/r/Coronavirus_PH/,https://en.wikipedia.org/wiki/COVID-19,COVID-19,BestofReddit,Physical
r/mentalillness,https://www.reddit.com/r/mentalillness/,https://en.wikipedia.org/wiki/Mental_disorder,Mental disorder,BestofReddit,Mental
r/sugarfree,https://www.reddit.com/r/sugarfree/,https://en.wikipedia.org/wiki/Food_addiction,Food addiction,BestofReddit,Mental
r/CoronavirusCA,https://www.reddit.com/r/CoronavirusCA/,https://en.wikipedia.org/wiki/COVID-19,COVID-19,BestofReddit,Physical
r/insomnia,https://www.reddit.com/r/insomnia/,https://en.wikipedia.org/wiki/Insomnia,Insomnia,BestofReddit,Physical
r/ADHDguide,https://www.reddit.com/r/ADHDguide/,https://en.wikipedia.org/wiki/Attention_deficit_hyperactivity_disorder,Attention deficit hyperactivity disorder,BestofReddit,Mental
r/migraine,https://www.reddit.com/r/migraine/,https://en.wikipedia.org/wiki/Migraine,Migraine,BestofReddit,Physical
r/medical,https://www.reddit.com/r/medical/,https://en.wikipedia.org/wiki/Medicine,Medicine,BestofReddit,Physical
r/PNESsupport,https://www.reddit.com/r/PNESsupport/,https://en.wikipedia.org/wiki/Psychogenic_non-epileptic_seizure,Psychogenic non-epileptic seizure,Snowball,Physical
r/CrohnsDisease,No research requests. https://www.reddit.com/r/CrohnsDisease/,https://en.wikipedia.org/wiki/Crohn%27s_disease,Crohn’s disease,Snowball,Physical
r/UlcerativeColitis,https://www.reddit.com/r/UlcerativeColitis/,https://en.wikipedia.org/wiki/Ulcerative_colitis,Ulcerative colitis,Snowball,Physical
r/Endo,Surveys must be approved. https://www.reddit.com/r/Endo/,https://en.wikipedia.org/wiki/Endometriosis,Endometriosis,Snowball,Physical
r/ibs,https://www.reddit.com/r/ibs/,https://en.wikipedia.org/wiki/Irritable_bowel_syndrome,Irritable bowel syndrome,Snowball,Physical
r/PCOS,https://www.reddit.com/r/PCOS/,https://en.wikipedia.org/wiki/Polycystic_ovary_syndrome,Polycystic ovary syndrome,Snowball,Physical
r/ChronicPain,No studies or surveys. https://www.reddit.com/r/ChronicPain/,https://en.wikipedia.org/wiki/Chronic_pain,Chronic pain,Snowball,Physical
r/Fibromyalgia,No surveys. https://www.reddit.com/r/Fibromyalgia/,https://en.wikipedia.org/wiki/Fibromyalgia,Fibromyalgia,Snowball,Physical
r/HeartDisease,https://www.reddit.com/r/HeartDisease/,https://en.wikipedia.org/wiki/Cardiovascular_disease,Cardiovascular disease,Snowball,Physical
r/HeartAttack,https://www.reddit.com/r/HeartAttack/,https://en.wikipedia.org/wiki/Myocardial_infarction,Myocardial infarction,Snowball,Physical
r/Heartfailure,https://www.reddit.com/r/Heartfailure/,https://en.wikipedia.org/wiki/Heart_failure,Heart failure,Snowball,Physical
r/cancer,https://www.reddit.com/r/cancer/,https://en.wikipedia.org/wiki/Cancer,Cancer,Snowball,Physical
r/CancerFamilySupport,No research requests. https://www.reddit.com/r/CancerFamilySupport/,https://en.wikipedia.org/wiki/Cancer,Cancer,Snowball,Physical
r/breastcancer,No research requests. https://www.reddit.com/r/breastcancer/,https://en.wikipedia.org/wiki/Breast_cancer,Breast cancer,Snowball,Physical
r/ProstateCancer,Approval for paid studies. https://www.reddit.com/r/ProstateCancer/,https://en.wikipedia.org/wiki/Prostate_cancer,Prostate cancer,Snowball,Physical
r/lungcancer,No surveys. https://www.reddit.com/r/lungcancer/,https://en.wikipedia.org/wiki/Lung_cancer,Lung cancer,Snowball,Physical
r/pancreaticcancer,No research requests. https://www.reddit.com/r/pancreaticcancer/,https://en.wikipedia.org/wiki/Pancreatic_cancer,Pancreatic cancer,Snowball,Physical
r/coloncancer,https://www.reddit.com/r/coloncancer/,https://en.wikipedia.org/wiki/Colorectal_cancer,Colorectal cancer,Snowball,Physical
r/lymphoma,https://www.reddit.com/r/lymphoma/,https://en.wikipedia.org/wiki/Lymphoma,Lymphoma,Snowball,Physical
r/leukemia,https://www.reddit.com/r/leukemia/,https://en.wikipedia.org/wiki/Leukemia,Leukemia,Snowball,Physical
r/Ovariancancer,https://www.reddit.com/r/Ovariancancer/,https://en.wikipedia.org/wiki/Ovarian_cancer,Ovarian cancer,Snowball,Physical
r/BRCA,https://www.reddit.com/r/BRCA/,https://en.wikipedia.org/wiki/BRCA_mutation,BRCA mutation,Snowball,Physical
r/ChronicIllness,https://www.reddit.com/r/ChronicIllness/,https://en.wikipedia.org/wiki/Chronic_condition,Chronic condition,Snowball,Physical
r/stroke,Approval needed. https://www.reddit.com/r/stroke/,https://en.wikipedia.org/wiki/Stroke,Stroke,Snowball,Physical
r/AlzheimersGroup,https://www.reddit.com/r/AlzheimersGroup/,https://en.wikipedia.org/wiki/Alzheimer%27s_disease,Alzheimer’s disease,Snowball,Physical
r/Alzheimers,https://www.reddit.com/r/Alzheimers/,https://en.wikipedia.org/wiki/Alzheimer%27s_disease,Alzheimer’s disease,Snowball,Physical
r/dementia,https://www.reddit.com/r/dementia/,https://en.wikipedia.org/wiki/Dementia,Dementia,Snowball,Physical
r/diabetes,No research posts. https://www.reddit.com/r/diabetes/,https://en.wikipedia.org/wiki/Diabetes,Diabetes,Snowball,Physical
r/diabetes_t1,No research posts. https://www.reddit.com/r/diabetes_t1/,https://en.wikipedia.org/wiki/Type_1_diabetes,Type 1 diabetes,Snowball,Physical
r/diabetes_t2,No research studies. https://www.reddit.com/r/diabetes_t2/,https://en.wikipedia.org/wiki/Type_2_diabetes,Type 2 diabetes,Snowball,Physical
r/DiabetesHacks,https://www.reddit.com/r/DiabetesHacks/,https://en.wikipedia.org/wiki/Type_1_diabetes,Type 1 diabetes,Snowball,Physical
r/kidneydisease,https://www.reddit.com/r/kidneydisease/,https://en.wikipedia.org/wiki/Kidney_disease,Kidney disease,Snowball,Physical
r/KidneyStones,https://www.reddit.com/r/KidneyStones/,https://en.wikipedia.org/wiki/Kidney_stone_disease,Kidney stone disease,Snowball,Physical
r/eczema,https://www.reddit.com/r/eczema/,https://en.wikipedia.org/wiki/Dermatitis,Dermatitis,Snowball,Physical
r/acne,https://www.reddit.com/r/acne/,https://en.wikipedia.org/wiki/Acne,Acne,Snowball,Physical
r/Rosacea,https://www.reddit.com/r/Rosacea/,https://en.wikipedia.org/wiki/Rosacea,Rosacea,Snowball,Physical
r/Asthma,No surveys. https://www.reddit.com/r/Asthma/,https://en.wikipedia.org/wiki/Asthma,Asthma,Snowball,Physical
r/Allergies,https://www.reddit.com/r/Allergies/,https://en.wikipedia.org/wiki/Allergy,Allergy,Snowball,Physical
r/HistamineIntolerance,https://www.reddit.com/r/HistamineIntolerance/,https://en.wikipedia.org/wiki/Histamine_intolerance,Histamine intolerance,Snowball,Physical
r/GERD,https://www.reddit.com/r/GERD/,https://en.wikipedia.org/wiki/Gastroesophageal_reflux_disease,Gastroesophageal reflux disease,Snowball,Physical
r/seizures,https://www.reddit.com/r/seizures/,https://en.wikipedia.org/wiki/Seizure,Seizure,Snowball,Physical
r/Epilepsy,https://www.reddit.com/r/Epilepsy/,https://en.wikipedia.org/wiki/Epilepsy,Epilepsy,Snowball,Physical
r/Sicklecell,https://www.reddit.com/r/Sicklecell/,https://en.wikipedia.org/wiki/Sickle_cell_disease,Sickle cell disease,Snowball,Physical
r/CysticFibrosis,https://www.reddit.com/r/CysticFibrosis/,https://en.wikipedia.org/wiki/Cystic_fibrosis,Cystic fibrosis,Snowball,Physical
r/gainit,https://www.reddit.com/r/gainit/,https://en.wikipedia.org/wiki/Underweight,Underweight,Snowball,Physical
r/infertility,Research requests allowed. https://www.reddit.com/r/infertility/,https://en.wikipedia.org/wiki/Infertility,Infertility,Snowball,Physical
r/SleepApnea,https://www.reddit.com/r/SleepApnea/,https://en.wikipedia.org/wiki/Sleep_apnea,Sleep apnea,Snowball,Physical
r/Narcolepsy,Research requests allowed. https://www.reddit.com/r/Narcolepsy/,https://en.wikipedia.org/wiki/Narcolepsy,Nacrolepsy,Snowball,Physical
r/POTS,Research requests allowed. https://www.reddit.com/r/POTS/,https://en.wikipedia.org/wiki/Postural_orthostatic_tachycardia_syndrome,Postural orthostatic tachycardia syndrome,Snowball,Physical
r/Hypothyroidism,https://www.reddit.com/r/Hypothyroidism/,https://en.wikipedia.org/wiki/Hypothyroidism,Hypothyroidism,Snowball,Physical
r/Hashimotos,https://www.reddit.com/r/Hashimotos/,https://en.wikipedia.org/wiki/Hashimoto%27s_thyroiditis,Hashimoto’s thyroiditis,Snowball,Physical
r/endometriosis,https://www.reddit.com/r/endometriosis/,https://en.wikipedia.org/wiki/Endometriosis,Endometriosis,Snowball,Physical
r/Thritis,https://www.reddit.com/r/Thritis/,https://en.wikipedia.org/wiki/Arthritis,Arthritis,Snowball,Physical